,SK_ID_CURR,CNT_CHILDREN,AMT_INCOME_TOTAL,AMT_CREDIT,AMT_ANNUITY,AMT_GOODS_PRICE,REGION_POPULATION_RELATIVE,DAYS_BIRTH,DAYS_EMPLOYED,DAYS_REGISTRATION,DAYS_ID_PUBLISH,FLAG_MOBIL,FLAG_EMP_PHONE,FLAG_WORK_PHONE,FLAG_CONT_MOBILE,FLAG_PHONE,FLAG_EMAIL,CNT_FAM_MEMBERS,REGION_RATING_CLIENT,REGION_RATING_CLIENT_W_CITY,HOUR_APPR_PROCESS_START,REG_REGION_NOT_LIVE_REGION,REG_REGION_NOT_WORK_REGION,LIVE_REGION_NOT_WORK_REGION,REG_CITY_NOT_LIVE_CITY,REG_CITY_NOT_WORK_CITY,LIVE_CITY_NOT_WORK_CITY,EXT_SOURCE_1,EXT_SOURCE_2,EXT_SOURCE_3,APARTMENTS_AVG,BASEMENTAREA_AVG,YEARS_BEGINEXPLUATATION_AVG,ELEVATORS_AVG,ENTRANCES_AVG,FLOORSMAX_AVG,LANDAREA_AVG,LIVINGAREA_AVG,NONLIVINGAREA_AVG,APARTMENTS_MODE,BASEMENTAREA_MODE,YEARS_BEGINEXPLUATATION_MODE,ELEVATORS_MODE,ENTRANCES_MODE,FLOORSMAX_MODE,LANDAREA_MODE,LIVINGAREA_MODE,NONLIVINGAREA_MODE,APARTMENTS_MEDI,BASEMENTAREA_MEDI,YEARS_BEGINEXPLUATATION_MEDI,ELEVATORS_MEDI,ENTRANCES_MEDI,FLOORSMAX_MEDI,LANDAREA_MEDI,LIVINGAREA_MEDI,NONLIVINGAREA_MEDI,TOTALAREA_MODE,OBS_30_CNT_SOCIAL_CIRCLE,DEF_30_CNT_SOCIAL_CIRCLE,OBS_60_CNT_SOCIAL_CIRCLE,DEF_60_CNT_SOCIAL_CIRCLE,DAYS_LAST_PHONE_CHANGE,FLAG_DOCUMENT_2,FLAG_DOCUMENT_3,FLAG_DOCUMENT_4,FLAG_DOCUMENT_5,FLAG_DOCUMENT_6,FLAG_DOCUMENT_7,FLAG_DOCUMENT_8,FLAG_DOCUMENT_9,FLAG_DOCUMENT_10,FLAG_DOCUMENT_11,FLAG_DOCUMENT_12,FLAG_DOCUMENT_13,FLAG_DOCUMENT_14,FLAG_DOCUMENT_15,FLAG_DOCUMENT_16,FLAG_DOCUMENT_17,FLAG_DOCUMENT_18,FLAG_DOCUMENT_19,FLAG_DOCUMENT_20,FLAG_DOCUMENT_21,AMT_REQ_CREDIT_BUREAU_HOUR,AMT_REQ_CREDIT_BUREAU_DAY,AMT_REQ_CREDIT_BUREAU_WEEK,AMT_REQ_CREDIT_BUREAU_MON,AMT_REQ_CREDIT_BUREAU_QRT,AMT_REQ_CREDIT_BUREAU_YEAR,NAME_CONTRACT_TYPE_Revolving loans,CODE_GENDER_M,CODE_GENDER_XNA,FLAG_OWN_CAR_Y,FLAG_OWN_REALTY_Y,NAME_TYPE_SUITE_Family,NAME_TYPE_SUITE_Group of people,NAME_TYPE_SUITE_Inconnu,NAME_TYPE_SUITE_Other_A,NAME_TYPE_SUITE_Other_B,"NAME_TYPE_SUITE_Spouse, partner",NAME_TYPE_SUITE_Unaccompanied,NAME_INCOME_TYPE_Commercial associate,NAME_INCOME_TYPE_Maternity leave,NAME_INCOME_TYPE_Pensioner,NAME_INCOME_TYPE_State servant,NAME_INCOME_TYPE_Student,NAME_INCOME_TYPE_Unemployed,NAME_INCOME_TYPE_Working,NAME_EDUCATION_TYPE_Higher education,NAME_EDUCATION_TYPE_Incomplete higher,NAME_EDUCATION_TYPE_Lower secondary,NAME_EDUCATION_TYPE_Secondary / secondary special,NAME_FAMILY_STATUS_Married,NAME_FAMILY_STATUS_Separated,NAME_FAMILY_STATUS_Single / not married,NAME_FAMILY_STATUS_Unknown,NAME_FAMILY_STATUS_Widow,NAME_HOUSING_TYPE_House / apartment,NAME_HOUSING_TYPE_Municipal apartment,NAME_HOUSING_TYPE_Office apartment,NAME_HOUSING_TYPE_Rented apartment,NAME_HOUSING_TYPE_With parents,OCCUPATION_TYPE_Cleaning staff,OCCUPATION_TYPE_Cooking staff,OCCUPATION_TYPE_Core staff,OCCUPATION_TYPE_Drivers,OCCUPATION_TYPE_HR staff,OCCUPATION_TYPE_High skill tech staff,OCCUPATION_TYPE_IT staff,OCCUPATION_TYPE_Inconnu,OCCUPATION_TYPE_Laborers,OCCUPATION_TYPE_Low-skill Laborers,OCCUPATION_TYPE_Managers,OCCUPATION_TYPE_Medicine staff,OCCUPATION_TYPE_Private service staff,OCCUPATION_TYPE_Realty agents,OCCUPATION_TYPE_Sales staff,OCCUPATION_TYPE_Secretaries,OCCUPATION_TYPE_Security staff,OCCUPATION_TYPE_Waiters/barmen staff,WEEKDAY_APPR_PROCESS_START_MONDAY,WEEKDAY_APPR_PROCESS_START_SATURDAY,WEEKDAY_APPR_PROCESS_START_SUNDAY,WEEKDAY_APPR_PROCESS_START_THURSDAY,WEEKDAY_APPR_PROCESS_START_TUESDAY,WEEKDAY_APPR_PROCESS_START_WEDNESDAY,ORGANIZATION_TYPE_Agriculture,ORGANIZATION_TYPE_Bank,ORGANIZATION_TYPE_Business Entity Type 1,ORGANIZATION_TYPE_Business Entity Type 2,ORGANIZATION_TYPE_Business Entity Type 3,ORGANIZATION_TYPE_Cleaning,ORGANIZATION_TYPE_Construction,ORGANIZATION_TYPE_Culture,ORGANIZATION_TYPE_Electricity,ORGANIZATION_TYPE_Emergency,ORGANIZATION_TYPE_Government,ORGANIZATION_TYPE_Hotel,ORGANIZATION_TYPE_Housing,ORGANIZATION_TYPE_Industry: type 1,ORGANIZATION_TYPE_Industry: type 10,ORGANIZATION_TYPE_Industry: type 11,ORGANIZATION_TYPE_Industry: type 12,ORGANIZATION_TYPE_Industry: type 13,ORGANIZATION_TYPE_Industry: type 2,ORGANIZATION_TYPE_Industry: type 3,ORGANIZATION_TYPE_Industry: type 4,ORGANIZATION_TYPE_Industry: type 5,ORGANIZATION_TYPE_Industry: type 6,ORGANIZATION_TYPE_Industry: type 7,ORGANIZATION_TYPE_Industry: type 8,ORGANIZATION_TYPE_Industry: type 9,ORGANIZATION_TYPE_Insurance,ORGANIZATION_TYPE_Kindergarten,ORGANIZATION_TYPE_Legal Services,ORGANIZATION_TYPE_Medicine,ORGANIZATION_TYPE_Military,ORGANIZATION_TYPE_Mobile,ORGANIZATION_TYPE_Other,ORGANIZATION_TYPE_Police,ORGANIZATION_TYPE_Postal,ORGANIZATION_TYPE_Realtor,ORGANIZATION_TYPE_Religion,ORGANIZATION_TYPE_Restaurant,ORGANIZATION_TYPE_School,ORGANIZATION_TYPE_Security,ORGANIZATION_TYPE_Security Ministries,ORGANIZATION_TYPE_Self-employed,ORGANIZATION_TYPE_Services,ORGANIZATION_TYPE_Telecom,ORGANIZATION_TYPE_Trade: type 1,ORGANIZATION_TYPE_Trade: type 2,ORGANIZATION_TYPE_Trade: type 3,ORGANIZATION_TYPE_Trade: type 4,ORGANIZATION_TYPE_Trade: type 5,ORGANIZATION_TYPE_Trade: type 6,ORGANIZATION_TYPE_Trade: type 7,ORGANIZATION_TYPE_Transport: type 1,ORGANIZATION_TYPE_Transport: type 2,ORGANIZATION_TYPE_Transport: type 3,ORGANIZATION_TYPE_Transport: type 4,ORGANIZATION_TYPE_University,ORGANIZATION_TYPE_XNA,HOUSETYPE_MODE_block of flats,HOUSETYPE_MODE_specific housing,HOUSETYPE_MODE_terraced house,WALLSMATERIAL_MODE_Inconnu,WALLSMATERIAL_MODE_Mixed,WALLSMATERIAL_MODE_Monolithic,WALLSMATERIAL_MODE_Others,WALLSMATERIAL_MODE_Panel,"WALLSMATERIAL_MODE_Stone, brick",WALLSMATERIAL_MODE_Wooden,EMERGENCYSTATE_MODE_No,EMERGENCYSTATE_MODE_Yes,ANOMALIE_DAYS_EMPLOYED
256571,396899,1,157500.0,770292.0,30676.5,688500.0,0.010147,-13506,-105,-2876.0,-4402,1,1,0,1,0,0,3.0,2,2,17,0,0,0,0,0,0,0.5059979305057544,0.5943267272127163,0.4276573700350293,0.0876,0.0763,0.9816,0.0,0.1379,0.1667,0.0481,0.0745,0.0036,0.084,0.0746,0.9816,0.0,0.1379,0.1667,0.0458,0.0731,0.0011,0.0864,0.0758,0.9816,0.0,0.1379,0.1667,0.0487,0.0749,0.0031,0.0688,1.0,0.0,1.0,0.0,-428.0,0,0,0,0,0,0,1,0,0,0,0,0,0,0,0,0,0,0,0,0,0.0,0.0,0.0,0.0,1.0,2.0,False,True,False,True,True,True,False,False,False,False,False,False,False,False,False,False,False,False,True,True,False,False,False,True,False,False,False,False,True,False,False,False,False,False,False,False,False,False,False,False,False,True,False,False,False,False,False,False,False,False,False,True,False,False,False,False,False,False,False,False,False,False,False,False,False,False,False,False,False,False,False,False,False,False,False,False,False,False,False,False,False,False,False,False,False,False,False,False,False,False,False,False,False,False,False,False,False,False,False,False,False,False,False,False,False,False,False,False,False,False,False,True,False,False,False,False,False,True,False,False,False,False,False,False,False,False,0
191493,322041,0,90000.0,364896.0,19926.0,315000.0,0.00733,-17723,-4930,-4654.0,-1259,1,1,0,1,0,0,2.0,2,2,12,0,0,0,0,0,0,0.5935542796633079,0.6196207697267319,0.4848514754962666,0.0876,0.0763,0.9816,0.0,0.1379,0.1667,0.0481,0.0745,0.0036,0.084,0.0746,0.9816,0.0,0.1379,0.1667,0.0458,0.0731,0.0011,0.0864,0.0758,0.9816,0.0,0.1379,0.1667,0.0487,0.0749,0.0031,0.0688,0.0,0.0,0.0,0.0,-1491.0,0,1,0,0,0,0,0,0,0,0,0,0,0,0,0,0,0,0,0,0,0.0,0.0,0.0,1.0,0.0,6.0,False,False,False,False,False,True,False,False,False,False,False,False,False,False,False,False,False,False,True,False,False,False,True,True,False,False,False,False,True,False,False,False,False,False,False,False,False,False,False,False,False,True,False,False,False,False,False,False,False,False,False,False,False,False,True,False,False,False,False,False,False,False,False,False,False,False,False,True,False,False,False,False,False,False,False,False,False,False,False,False,False,False,False,False,False,False,False,False,False,False,False,False,False,False,False,False,False,False,False,False,False,False,False,False,False,False,False,False,False,False,False,False,False,False,False,False,False,True,False,False,False,False,False,False,False,False,0
103497,220127,0,148500.0,284400.0,18643.5,225000.0,0.014464,-24200,-1191,-12511.0,-2474,1,1,0,1,1,0,2.0,2,2,4,0,0,0,0,0,0,0.5059979305057544,0.030108122688633,0.5388627065779676,0.0928,0.1035,0.9831,0.0,0.2069,0.1667,0.0711,0.0839,0.0007,0.0945,0.1074,0.9831,0.0,0.2069,0.1667,0.0728,0.0874,0.0008,0.0937,0.1035,0.9831,0.0,0.2069,0.1667,0.0724,0.0854,0.0008,0.0662,0.0,0.0,0.0,0.0,-660.0,0,1,0,0,0,0,0,0,0,0,0,0,0,0,0,0,0,0,0,0,0.0,0.0,0.0,0.0,0.0,3.0,False,True,False,False,True,False,False,False,False,False,False,True,False,False,False,False,False,False,True,False,False,False,True,False,False,False,False,False,True,False,False,False,False,False,False,False,False,False,False,False,False,False,False,False,False,False,False,False,False,True,False,False,False,False,True,False,False,False,False,False,False,False,False,False,False,False,False,False,False,False,False,False,False,False,False,False,False,True,False,False,False,False,False,False,False,False,False,False,False,False,False,False,False,False,False,False,False,False,False,False,False,False,False,False,False,False,False,False,False,False,False,False,False,False,True,False,False,False,False,False,False,True,False,False,True,False,0
130646,251531,0,188100.0,976711.5,38218.5,873000.0,0.020713,-9650,-355,-969.0,-2289,1,1,1,1,0,0,1.0,3,3,14,0,0,0,1,1,0,0.6286564389822209,0.4175925732944476,0.4118485559242397,0.0876,0.0763,0.9816,0.0,0.1379,0.1667,0.0481,0.0745,0.0036,0.084,0.0746,0.9816,0.0,0.1379,0.1667,0.0458,0.0731,0.0011,0.0864,0.0758,0.9816,0.0,0.1379,0.1667,0.0487,0.0749,0.0031,0.0688,3.0,1.0,3.0,0.0,-757.0,0,0,0,0,0,0,0,0,0,1,0,0,0,0,0,0,0,0,0,0,0.0,0.0,0.0,0.0,0.0,1.0,False,False,False,False,False,False,False,False,False,False,False,True,False,False,False,False,False,False,True,True,False,False,False,False,False,True,False,False,True,False,False,False,False,False,False,True,False,False,False,False,False,False,False,False,False,False,False,False,False,False,False,False,False,False,True,False,False,False,False,False,False,False,False,False,False,False,False,False,False,False,False,False,False,False,False,False,False,False,False,False,False,False,False,False,False,False,False,False,False,False,False,False,False,False,False,False,False,False,True,False,False,False,False,False,False,False,False,False,False,False,False,False,False,False,False,False,False,True,False,False,False,False,False,False,False,False,0
211898,345558,0,180000.0,323194.5,19660.5,279000.0,0.035792,-17487,-1366,-10063.0,-1040,1,1,0,1,0,0,2.0,2,2,13,0,0,0,0,1,1,0.5059979305057544,0.3551256437854799,0.5937175866150576,0.0876,0.0763,0.9816,0.0,0.1379,0.1667,0.0481,0.0745,0.0036,0.084,0.0746,0.9816,0.0,0.1379,0.1667,0.0458,0.0731,0.0011,0.0864,0.0758,0.9816,0.0,0.1379,0.1667,0.0487,0.0749,0.0031,0.0688,3.0,0.0,3.0,0.0,-276.0,0,1,0,0,0,0,0,0,0,0,0,0,0,0,0,0,0,0,0,0,0.0,2.0,0.0,0.0,0.0,1.0,False,False,False,False,True,False,False,False,False,False,False,True,False,False,False,False,False,False,True,False,False,False,True,False,False,False,False,False,True,False,False,False,False,False,False,False,False,False,False,False,False,True,False,False,False,False,False,False,False,False,False,False,True,False,False,False,False,False,False,False,False,False,False,False,False,False,False,True,False,False,False,False,False,False,False,False,False,False,False,False,False,False,False,False,False,False,False,False,False,False,False,False,False,False,False,False,False,False,False,False,False,False,False,False,False,False,False,False,False,False,False,False,False,False,False,False,False,True,False,False,False,False,False,False,False,False,0
130549,251419,1,90000.0,318528.0,8532.0,252000.0,0.031329,-11471,-451,-6069.0,-2261,1,1,0,1,0,0,3.0,2,2,8,0,0,0,0,0,0,0.5059979305057544,0.4895397717953364,0.2837118826350007,0.0722,0.0674,0.9886,0.0,0.1379,0.1667,0.0,0.0686,0.0066,0.0735,0.07,0.9886,0.0,0.1379,0.1667,0.0,0.0715,0.0069,0.0729,0.0674,0.9886,0.0,0.1379,0.1667,0.0,0.0699,0.0067,0.0655,4.0,0.0,4.0,0.0,-8.0,0,1,0,0,0,0,0,0,0,0,0,0,0,0,0,0,0,0,0,0,0.0,0.0,0.0,1.0,0.0,0.0,False,False,False,False,False,False,False,False,False,False,False,True,False,False,False,False,False,False,True,False,False,False,True,True,False,False,False,False,False,True,False,False,False,False,False,False,False,False,True,False,False,False,False,False,False,False,False,False,False,False,False,True,False,False,False,False,False,False,False,False,False,True,False,False,False,False,False,False,False,False,False,False,False,False,False,False,False,False,False,False,False,False,False,False,False,False,False,False,False,False,False,False,False,False,False,False,False,False,False,False,False,False,False,False,False,False,False,False,False,False,False,False,False,False,True,False,False,False,False,False,False,False,False,False,True,False,0
287975,433604,0,319500.0,1431000.0,39483.0,1431000.0,0.002042,-14050,-5733,-4031.0,-4729,1,1,0,1,0,0,2.0,3,3,16,0,0,0,0,0,0,0.5059979305057544,0.6544977412099213,0.7557400501752248,0.0629,0.0719,0.9816,0.0,0.2069,0.1667,0.1326,0.0724,0.002,0.0641,0.0746,0.9816,0.0,0.2069,0.1667,0.1356,0.0754,0.0021,0.0635,0.0719,0.9816,0.0,0.2069,0.1667,0.1349,0.0737,0.0021,0.068,6.0,0.0,5.0,0.0,-623.0,0,1,0,0,0,0,0,0,0,0,0,0,0,0,0,0,0,0,0,0,0.0,0.0,0.0,1.0,0.0,1.0,False,False,False,False,True,False,False,False,False,False,False,True,False,False,False,True,False,False,False,True,False,False,False,True,False,False,False,False,True,False,False,False,False,False,False,False,False,False,False,False,False,False,False,True,False,False,False,False,False,False,False,False,False,False,False,True,False,False,False,False,False,False,False,False,False,False,False,True,False,False,False,False,False,False,False,False,False,False,False,False,False,False,False,False,False,False,False,False,False,False,False,False,False,False,False,False,False,False,False,False,False,False,False,False,False,False,False,False,False,False,False,False,False,False,True,False,False,False,False,False,False,False,False,False,True,False,0
144906,268026,0,157500.0,382500.0,19125.0,382500.0,0.030755,-21827,0,-9707.0,-4737,1,0,0,1,1,0,2.0,2,2,11,0,0,0,0,0,0,0.5059979305057544,0.6781008953588515,0.8245949709919925,0.1113,0.0784,0.9871,0.12,0.1034,0.3333,0.1009,0.1136,0.0,0.1134,0.0814,0.9871,0.1208,0.1034,0.3333,0.1032,0.118,0.0,0.1124,0.0784,0.9871,0.12,0.1034,0.3333,0.1027,0.1156,0.0,0.0997,1.0,0.0,1.0,0.0,-412.0,0,0,0,0,0,0,0,0,0,0,0,0,0,0,0,0,0,0,0,0,0.0,0.0,1.0,0.0,0.0,1.0,True,False,False,False,True,False,False,False,False,False,False,True,False,False,True,False,False,False,False,False,False,False,True,True,False,False,False,False,True,False,False,False,False,False,False,False,False,False,False,False,True,False,False,False,False,False,False,False,False,False,False,False,False,False,True,False,False,False,False,False,False,False,False,False,False,False,False,False,False,False,False,False,False,False,False,False,False,False,False,False,False,False,False,False,False,False,False,False,False,False,False,False,False,False,False,False,False,False,False,False,False,False,False,False,False,False,False,False,False,False,False,False,False,True,False,False,False,False,False,False,False,True,False,False,True,False,1
102173,218614,0,112500.0,170640.0,13612.5,135000.0,0.025164,-15710,-683,-2276.0,-2283,1,1,0,1,0,0,1.0,2,2,10,0,0,0,0,1,1,0.5059979305057544,0.1596792335026377,0.1419915427739129,0.0876,0.0763,0.9816,0.0,0.1379,0.1667,0.0481,0.0745,0.0036,0.084,0.0746,0.9816,0.0,0.1379,0.1667,0.0458,0.0731,0.0011,0.0864,0.0758,0.9816,0.0,0.1379,0.1667,0.0487,0.0749,0.0031,0.0688,5.0,0.0,5.0,0.0,-1240.0,0,1,0,0,0,0,0,0,0,0,0,0,0,0,0,0,0,0,0,0,0.0,0.0,0.0,0.0,0.0,3.0,False,False,False,False,True,False,False,False,False,False,False,True,False,False,False,False,False,False,True,False,False,False,True,False,True,False,False,False,True,False,False,False,False,False,False,False,False,False,False,False,False,False,False,False,True,False,False,False,False,False,False,False,False,False,False,False,False,False,False,False,False,False,False,False,False,False,False,False,False,False,False,False,False,False,False,False,False,False,False,False,False,False,False,False,False,False,True,False,False,False,False,False,False,False,False,False,False,False,False,False,False,False,False,False,False,False,False,False,False,False,False,False,False,False,False,False,False,True,False,False,False,False,False,False,False,False,0
254495,394494,0,202500.0,225000.0,11250.0,225000.0,0.0084739999999999,-19578,0,-3380.0,-3032,1,0,0,1,1,0,1.0,2,2,11,0,0,0,0,0,0,0.3505697352270655,0.6118496436183062,0.3392876999089139,0.0876,0.0763,0.9816,0.0,0.1379,0.1667,0.0481,0.0745,0.0036,0.084,0.0746,0.9816,0.0,0.1379,0.1667,0.0458,0.0731,0.0011,0.0864,0.0758,0.9816,0.0,0.1379,0.1667,0.0487,0.0749,0.0031,0.0688,1.0,1.0,1.0,1.0,-476.0,0,0,0,0,0,0,0,0,0,0,0,0,0,0,0,0,0,0,0,0,0.0,0.0,0.0,0.0,0.0,2.0,True,False,False,False,True,False,False,False,False,False,False,True,False,False,True,False,False,False,False,False,False,False,True,False,False,False,False,True,True,False,False,False,False,False,False,False,False,False,False,False,True,False,False,False,False,False,False,False,False,False,False,False,False,False,True,False,False,False,False,False,False,False,False,False,False,False,False,False,False,False,False,False,False,False,False,False,False,False,False,False,False,False,False,False,False,False,False,False,False,False,False,False,False,False,False,False,False,False,False,False,False,False,False,False,False,False,False,False,False,False,False,False,False,True,False,False,False,True,False,False,False,False,False,False,True,False,1
187319,317152,0,180000.0,1546020.0,40914.0,1350000.0,0.030755,-15107,-6641,-9108.0,-4628,1,1,0,1,1,1,2.0,2,2,11,0,0,0,0,0,0,0.7472770211998799,0.605239221259936,0.7295666907060153,0.0619,0.0625,0.9786,0.0,0.1379,0.1667,0.0158,0.0541,0.0,0.063,0.0649,0.9786,0.0,0.1379,0.1667,0.0146,0.0563,0.0,0.0625,0.0625,0.9786,0.0,0.1379,0.1667,0.016,0.055,0.0,0.0571,5.0,0.0,5.0,0.0,0.0,0,1,0,0,0,0,0,0,0,0,0,0,0,0,0,0,0,0,0,0,0.0,0.0,0.0,2.0,0.0,1.0,False,False,False,False,True,False,False,False,False,False,False,True,False,False,False,False,False,False,True,False,False,False,True,True,False,False,False,False,True,False,False,False,False,False,False,False,False,False,False,False,False,True,False,False,False,False,False,False,False,False,False,False,False,False,False,False,False,False,False,False,False,True,False,False,False,False,False,False,False,False,False,False,False,False,False,False,False,False,False,False,False,False,False,False,False,False,False,False,False,False,False,False,False,False,False,False,False,False,False,False,False,False,False,False,False,False,False,False,False,False,False,False,False,False,True,False,False,False,False,False,False,True,False,False,True,False,0
158289,283503,0,135000.0,473760.0,53451.0,450000.0,0.035792,-14689,-544,-6017.0,-5353,1,1,1,1,0,0,2.0,2,2,11,0,0,0,0,0,0,0.3879516105095099,0.7107001746647285,0.4188542886233217,0.0876,0.0763,0.9816,0.0,0.1379,0.1667,0.0481,0.0745,0.0036,0.084,0.0746,0.9816,0.0,0.1379,0.1667,0.0458,0.0731,0.0011,0.0864,0.0758,0.9816,0.0,0.1379,0.1667,0.0487,0.0749,0.0031,0.0688,8.0,0.0,7.0,0.0,-389.0,0,0,0,0,0,0,1,0,0,0,0,0,0,0,0,0,0,0,0,0,0.0,0.0,0.0,8.0,0.0,0.0,False,True,False,True,True,False,False,False,False,False,False,True,False,False,False,False,False,False,True,False,False,False,True,True,False,False,False,False,True,False,False,False,False,False,False,False,True,False,False,False,False,False,False,False,False,False,False,False,False,False,False,False,False,False,False,True,False,False,False,False,False,False,False,False,False,False,False,False,False,False,False,False,False,False,False,False,False,False,False,False,False,False,False,False,False,False,False,False,False,False,False,True,False,False,False,False,False,False,False,False,False,False,False,False,False,False,False,False,False,False,False,False,False,False,False,False,False,True,False,False,False,False,False,False,False,False,0
279469,423786,0,90000.0,269550.0,24853.5,225000.0,0.035792,-10687,-790,-5206.0,-3376,1,1,0,1,0,0,1.0,2,2,15,0,0,0,1,1,0,0.4679263461850872,0.6581133409051391,0.7106743858828587,0.0619,0.0802,0.9831,0.0,0.1379,0.1667,0.0704,0.0574,0.0039,0.063,0.0832,0.9831,0.0,0.1379,0.1667,0.072,0.0598,0.0041,0.0625,0.0802,0.9831,0.0,0.1379,0.1667,0.0716,0.0584,0.004,0.0638,0.0,0.0,0.0,0.0,-2241.0,0,1,0,0,0,0,0,0,0,0,0,0,0,0,0,0,0,0,0,0,0.0,0.0,0.0,0.0,0.0,0.0,False,False,False,False,True,False,False,False,False,False,False,True,True,False,False,False,False,False,False,True,False,False,False,False,False,True,False,False,False,False,False,False,False,False,False,False,False,False,False,False,False,True,False,False,False,False,False,False,False,False,False,False,False,True,False,False,False,False,False,False,False,False,False,False,False,False,False,False,False,False,False,False,False,False,False,False,False,False,False,False,False,False,False,False,False,False,False,False,False,False,False,False,False,False,False,False,False,False,False,False,True,False,False,False,False,False,False,False,False,False,False,False,False,False,True,False,False,False,False,False,False,False,True,False,True,False,0
245557,384173,1,117000.0,691020.0,26905.5,495000.0,0.018029,-11509,-742,-1320.0,-1691,1,1,0,1,0,0,3.0,3,2,9,0,0,0,0,0,0,0.5059979305057544,0.5395757850576954,0.5513812618027899,0.0021,0.0763,0.9732,0.0,0.1379,0.0,0.0481,0.0014,0.0036,0.0021,0.0746,0.9732,0.0,0.1379,0.0,0.0458,0.0015,0.0011,0.0021,0.0758,0.9732,0.0,0.1379,0.0,0.0487,0.0014,0.0031,0.0014,1.0,0.0,1.0,0.0,-1154.0,0,1,0,0,0,0,0,0,0,0,0,0,0,0,0,0,0,0,0,0,0.0,0.0,0.0,0.0,0.0,2.0,False,False,False,True,True,False,False,False,False,False,False,True,False,False,False,False,False,False,True,True,False,False,False,True,False,False,False,False,True,False,False,False,False,False,True,False,False,False,False,False,False,False,False,False,False,False,False,False,False,False,False,False,True,False,False,False,False,False,False,False,False,True,False,False,False,False,False,False,False,False,False,False,False,False,False,False,False,False,False,False,False,False,False,False,False,False,False,False,False,False,False,False,False,False,False,False,False,False,False,False,False,False,False,False,False,False,False,False,False,False,False,False,False,False,True,False,False,False,False,False,False,False,False,True,True,False,0
70481,181767,3,225000.0,263686.5,31423.5,238500.0,0.02461,-12106,-922,-5872.0,-3287,1,1,0,1,1,0,5.0,2,2,10,0,0,0,1,1,0,0.198386318043961,0.7690518397348782,0.4561097392782771,0.0876,0.0763,0.9816,0.0,0.1379,0.1667,0.0481,0.0745,0.0036,0.084,0.0746,0.9816,0.0,0.1379,0.1667,0.0458,0.0731,0.0011,0.0864,0.0758,0.9816,0.0,0.1379,0.1667,0.0487,0.0749,0.0031,0.0688,15.0,0.0,15.0,0.0,-1940.0,0,1,0,0,0,0,0,0,0,0,0,0,0,0,0,0,0,0,0,0,0.0,0.0,0.0,0.0,0.0,1.0,False,True,False,True,True,True,False,False,False,False,False,False,False,False,False,False,False,False,True,False,False,False,True,True,False,False,False,False,True,False,False,False,False,False,False,False,True,False,False,False,False,False,False,False,False,False,False,False,False,False,False,True,False,False,False,False,False,False,False,False,False,False,False,False,False,False,False,False,False,False,False,False,False,False,False,False,False,False,False,False,False,False,False,False,False,False,False,False,False,False,False,False,False,False,False,False,False,False,False,False,False,False,False,False,False,False,False,True,False,False,False,False,False,False,False,False,False,True,False,False,False,False,False,False,False,False,0
277669,421714,0,210600.0,619965.0,20128.5,517500.0,0.003813,-20555,0,-4364.0,-4098,1,0,0,1,1,0,2.0,2,2,12,0,0,0,0,0,0,0.7423308232590793,0.5423126170249454,0.4241303111942548,0.0876,0.0763,0.9816,0.0,0.1379,0.1667,0.0481,0.0745,0.0036,0.084,0.0746,0.9816,0.0,0.1379,0.1667,0.0458,0.0731,0.0011,0.0864,0.0758,0.9816,0.0,0.1379,0.1667,0.0487,0.0749,0.0031,0.0688,1.0,0.0,1.0,0.0,-1196.0,0,0,0,0,1,0,0,0,0,0,0,0,0,0,0,0,0,0,0,0,0.0,0.0,0.0,1.0,0.0,0.0,False,False,False,False,True,True,False,False,False,False,False,False,False,False,True,False,False,False,False,False,False,False,True,True,False,False,False,False,True,False,False,False,False,False,False,False,False,False,False,False,True,False,False,False,False,False,False,False,False,False,False,False,False,False,False,False,False,False,False,False,False,False,False,False,False,False,False,False,False,False,False,False,False,False,False,False,False,False,False,False,False,False,False,False,False,False,False,False,False,False,False,False,False,False,False,False,False,False,False,False,False,False,False,False,False,False,False,False,False,False,False,False,False,True,False,False,False,True,False,False,False,False,False,False,False,False,1
38660,144778,0,247500.0,270000.0,13914.0,270000.0,0.0060079999999999,-21305,-1543,-4903.0,-4694,1,1,0,1,0,1,1.0,2,2,10,0,0,0,0,0,0,0.5059979305057544,0.6449929804168458,0.3689687382528466,0.3711,0.2938,0.9821,0.44,0.3793,0.3333,0.2828,0.4156,0.0,0.3782,0.3049,0.9821,0.4431,0.3793,0.3333,0.2892,0.433,0.0,0.3747,0.2938,0.9821,0.44,0.3793,0.3333,0.2877,0.423,0.0,0.369,5.0,0.0,5.0,0.0,0.0,0,1,0,0,0,0,0,0,0,0,0,0,0,0,0,0,0,0,0,0,0.0,0.0,0.0,0.0,0.0,7.0,False,False,False,False,True,False,False,False,False,False,False,True,True,False,False,False,False,False,False,False,False,False,True,False,False,False,False,True,True,False,False,False,False,True,False,False,False,False,False,False,False,False,False,False,False,False,False,False,False,False,False,False,False,False,False,False,False,False,False,True,False,False,False,False,False,False,False,False,False,False,False,False,False,False,False,False,False,False,False,False,False,False,False,False,False,False,False,False,False,False,False,False,False,False,False,False,False,False,False,False,False,False,False,False,False,False,False,False,False,False,False,False,False,False,True,False,False,False,False,False,False,True,False,False,True,False,0
22506,126190,0,126000.0,521280.0,28408.5,450000.0,0.030755,-23611,0,-10462.0,-4055,1,0,0,1,1,0,1.0,2,2,10,0,0,0,0,0,0,0.5059979305057544,0.1604053214783667,0.7380196196295241,0.1474,0.0669,0.9578,0.0,0.3103,0.2083,0.0663,0.1648,0.0427,0.1502,0.0694,0.9578,0.0,0.3103,0.2083,0.0679,0.1717,0.0452,0.1489,0.0669,0.9578,0.0,0.3103,0.2083,0.0675,0.1678,0.0436,0.1584,0.0,0.0,0.0,0.0,-2931.0,0,1,0,0,0,0,0,0,0,0,0,0,0,0,0,0,0,0,0,0,0.0,0.0,0.0,3.0,1.0,0.0,False,False,False,False,False,False,False,False,False,False,False,True,False,False,True,False,False,False,False,True,False,False,False,False,False,True,False,False,True,False,False,False,False,False,False,False,False,False,False,False,True,False,False,False,False,False,False,False,False,False,False,False,True,False,False,False,False,False,False,False,False,False,False,False,False,False,False,False,False,False,False,False,False,False,False,False,False,False,False,False,False,False,False,False,False,False,False,False,False,False,False,False,False,False,False,False,False,False,False,False,False,False,False,False,False,False,False,False,False,False,False,False,False,True,True,False,False,False,False,False,False,False,True,False,True,False,1
45988,153287,0,135000.0,755190.0,36459.0,675000.0,0.009549,-21119,-444,-3909.0,-4166,1,1,0,1,1,0,2.0,2,2,11,0,0,0,0,0,0,0.5059979305057544,0.5848661180948642,0.7047064232963289,0.2402,0.1706,0.9826,0.28,0.2414,0.3333,0.1875,0.0745,0.0036,0.2447,0.177,0.9826,0.282,0.2414,0.3333,0.1918,0.0731,0.0011,0.2425,0.1706,0.9826,0.28,0.2414,0.3333,0.1907,0.0749,0.0031,0.2482,0.0,0.0,0.0,0.0,-1949.0,0,0,0,0,0,0,1,0,0,0,0,0,0,0,0,0,0,0,0,0,0.0,0.0,0.0,3.0,2.0,4.0,False,True,False,False,True,False,False,False,False,False,False,True,False,False,False,False,False,False,True,False,False,False,True,True,False,False,False,False,True,False,False,False,False,False,False,False,False,False,False,False,False,True,False,False,False,False,False,False,False,False,False,False,False,False,False,False,False,False,False,False,False,True,False,False,False,False,False,False,False,False,False,False,False,False,False,False,False,False,False,False,False,False,False,False,False,False,False,False,False,False,False,False,False,False,False,False,False,False,False,False,False,False,False,False,False,False,False,False,False,False,False,False,False,False,True,False,False,False,False,False,False,False,True,False,True,False,0
267663,410121,0,225000.0,675000.0,32472.0,675000.0,0.030755,-13004,-5591,-7125.0,-3831,1,1,1,1,1,0,2.0,2,2,12,0,0,0,0,0,0,0.6801101306251,0.6775039479395278,0.4938628816996244,0.0691,0.1064,0.9831,0.0,0.1379,0.1667,0.0144,0.0651,0.0,0.0704,0.1104,0.9831,0.0,0.1379,0.1667,0.0147,0.0678,0.0,0.0697,0.1064,0.9831,0.0,0.1379,0.1667,0.0146,0.0663,0.0,0.0529,0.0,0.0,0.0,0.0,-2042.0,0,1,0,0,0,0,0,0,0,0,0,0,0,0,0,0,0,0,0,0,0.0,0.0,0.0,1.0,0.0,2.0,False,False,False,False,False,False,False,False,False,False,False,True,False,False,False,True,False,False,False,False,False,False,True,True,False,False,False,False,True,False,False,False,False,False,False,False,False,False,False,False,False,False,False,False,False,True,False,False,False,False,False,True,False,False,False,False,False,False,False,False,False,False,False,False,False,False,False,False,False,False,False,False,False,False,False,False,False,False,False,False,False,False,False,False,False,False,True,False,False,False,False,False,False,False,False,False,False,False,False,False,False,False,False,False,False,False,False,False,False,False,False,False,False,False,True,False,False,False,False,False,False,False,True,False,True,False,0
23642,127514,0,49500.0,119925.0,11812.5,112500.0,0.010556,-22094,0,-11616.0,-4556,1,0,0,1,0,0,2.0,3,3,15,0,0,0,0,0,0,0.5059979305057544,0.1292962476716097,0.6832688314232291,0.1134,0.0616,0.9747,0.0,0.2069,0.1667,0.0606,0.0881,0.1107,0.1155,0.064,0.9747,0.0,0.2069,0.1667,0.062,0.0918,0.1172,0.1145,0.0616,0.9747,0.0,0.2069,0.1667,0.0617,0.0897,0.113,0.0934,0.0,0.0,0.0,0.0,-756.0,0,1,0,0,0,0,0,0,0,0,0,0,0,0,0,0,0,0,0,0,0.0,0.0,0.0,0.0,2.0,1.0,False,False,False,False,True,False,False,False,False,False,False,True,False,False,True,False,False,False,False,False,False,False,True,True,False,False,False,False,True,False,False,False,False,False,False,False,False,False,False,False,True,False,False,False,False,False,False,False,False,False,False,True,False,False,False,False,False,False,False,False,False,False,False,False,False,False,False,False,False,False,False,False,False,False,False,False,False,False,False,False,False,False,False,False,False,False,False,False,False,False,False,False,False,False,False,False,False,False,False,False,False,False,False,False,False,False,False,False,False,False,False,False,False,True,True,False,False,False,False,False,False,False,True,False,True,False,1
209211,342485,1,90000.0,568800.0,16429.5,450000.0,0.010643,-12054,-1848,-5977.0,-4025,1,1,0,1,0,0,3.0,2,2,11,0,1,1,0,0,0,0.6443229064578035,0.5536435501201418,0.7281412993111438,0.0247,0.0291,0.9876,0.0,0.069,0.125,0.0508,0.0225,0.0,0.0252,0.0302,0.9876,0.0,0.069,0.125,0.052,0.0235,0.0,0.025,0.0291,0.9876,0.0,0.069,0.125,0.0517,0.0229,0.0,0.0246,0.0,0.0,0.0,0.0,-1432.0,0,1,0,0,0,0,0,0,0,0,0,0,0,0,0,0,0,0,0,0,0.0,0.0,0.0,0.0,2.0,0.0,False,False,False,False,False,False,False,False,False,False,False,True,False,False,False,False,False,False,True,False,False,False,True,True,False,False,False,False,True,False,False,False,False,False,False,False,False,False,False,False,False,False,False,False,False,False,False,False,False,False,True,True,False,False,False,False,False,False,False,False,False,True,False,False,False,False,False,False,False,False,False,False,False,False,False,False,False,False,False,False,False,False,False,False,False,False,False,False,False,False,False,False,False,False,False,False,False,False,False,False,False,False,False,False,False,False,False,False,False,False,False,False,False,False,True,False,False,False,False,False,False,True,False,False,True,False,0
77554,189919,0,108000.0,291384.0,19395.0,270000.0,0.030755,-24297,0,-18350.0,-182,1,0,0,1,0,0,1.0,2,2,18,0,0,0,0,0,0,0.5059979305057544,0.6616176484330051,0.3723336657058204,0.0876,0.0763,0.9816,0.0,0.1379,0.1667,0.0481,0.0745,0.0036,0.084,0.0746,0.9816,0.0,0.1379,0.1667,0.0458,0.0731,0.0011,0.0864,0.0758,0.9816,0.0,0.1379,0.1667,0.0487,0.0749,0.0031,0.0688,2.0,0.0,2.0,0.0,-3598.0,0,0,0,0,1,0,0,0,0,0,0,0,0,0,0,0,0,0,0,0,0.0,0.0,0.0,0.0,0.0,8.0,False,False,False,False,True,False,False,False,False,False,False,True,False,False,True,False,False,False,False,True,False,False,False,False,True,False,False,False,True,False,False,False,False,False,False,False,False,False,False,False,True,False,False,False,False,False,False,False,False,False,False,False,False,False,False,False,False,False,False,False,False,False,False,False,False,False,False,False,False,False,False,False,False,False,False,False,False,False,False,False,False,False,False,False,False,False,False,False,False,False,False,False,False,False,False,False,False,False,False,False,False,False,False,False,False,False,False,False,False,False,False,False,False,True,False,False,False,True,False,False,False,False,False,False,False,False,1
240003,377920,0,180000.0,1017544.5,40351.5,936000.0,0.0196889999999999,-18536,-2732,-12443.0,-2098,1,1,0,1,0,1,2.0,2,2,7,0,0,0,0,0,0,0.6171040077992634,0.6274282049690126,0.4614823912998385,0.1732,0.1361,0.9826,0.24,0.1379,0.3958,0.1203,0.1716,0.002,0.1513,0.1401,0.9826,0.1611,0.1379,0.3333,0.1115,0.1601,0.0,0.1749,0.1361,0.9826,0.24,0.1379,0.3958,0.1224,0.1747,0.0021,0.1794,0.0,0.0,0.0,0.0,-2301.0,0,0,0,0,0,0,1,0,0,0,0,0,0,0,0,0,0,0,0,0,0.0,0.0,0.0,0.0,0.0,3.0,False,True,False,True,True,False,False,False,False,False,False,True,False,False,False,False,False,False,True,True,False,False,False,True,False,False,False,False,True,False,False,False,False,False,False,False,False,False,True,False,False,False,False,False,False,False,False,False,False,False,False,False,False,False,False,True,False,False,False,False,False,True,False,False,False,False,False,False,False,False,False,False,False,False,False,False,False,False,False,False,False,False,False,False,False,False,False,False,False,False,False,False,False,False,False,False,False,False,False,False,False,False,False,False,False,False,False,False,False,False,False,False,False,False,True,False,False,False,False,False,False,True,False,False,True,False,0
128470,249019,0,66150.0,158256.0,12424.5,144000.0,0.018029,-24413,0,-12557.0,-4298,1,0,0,1,1,0,1.0,3,3,12,0,0,0,0,0,0,0.5059979305057544,0.2653117484731741,0.5352762504724826,0.0876,0.0763,0.9816,0.0,0.1379,0.1667,0.0481,0.0745,0.0036,0.084,0.0746,0.9816,0.0,0.1379,0.1667,0.0458,0.0731,0.0011,0.0864,0.0758,0.9816,0.0,0.1379,0.1667,0.0487,0.0749,0.0031,0.0688,2.0,0.0,2.0,0.0,-1392.0,0,0,0,0,1,0,0,0,0,0,0,0,0,0,0,0,0,0,0,0,0.0,0.0,0.0,0.0,0.0,1.0,False,False,False,False,False,False,False,False,False,False,False,True,False,False,True,False,False,False,False,False,False,False,True,False,False,True,False,False,True,False,False,False,False,False,False,False,False,False,False,False,True,False,False,False,False,False,False,False,False,False,False,False,False,False,False,True,False,False,False,False,False,False,False,False,False,False,False,False,False,False,False,False,False,False,False,False,False,False,False,False,False,False,False,False,False,False,False,False,False,False,False,False,False,False,False,False,False,False,False,False,False,False,False,False,False,False,False,False,False,False,False,False,False,True,False,False,False,True,False,False,False,False,False,False,False,False,1
265036,406911,0,135000.0,904500.0,38322.0,904500.0,0.015221,-10390,-3122,-891.0,-3055,1,1,0,1,0,0,2.0,2,2,16,0,0,0,0,0,0,0.3578527853394294,0.5919255842015202,0.746300213050371,0.0876,0.0763,0.9816,0.0,0.1379,0.1667,0.0481,0.0745,0.0036,0.084,0.0746,0.9816,0.0,0.1379,0.1667,0.0458,0.0731,0.0011,0.0864,0.0758,0.9816,0.0,0.1379,0.1667,0.0487,0.0749,0.0031,0.0688,0.0,0.0,0.0,0.0,-722.0,0,1,0,0,0,0,0,0,0,0,0,0,0,0,0,0,0,0,0,0,0.0,0.0,0.0,0.0,0.0,3.0,False,False,False,True,True,True,False,False,False,False,False,False,False,False,False,False,False,False,True,False,False,False,True,True,False,False,False,False,True,False,False,False,False,False,False,False,False,False,False,False,True,False,False,False,False,False,False,False,False,False,False,False,False,False,True,False,False,False,False,False,False,True,False,False,False,False,False,False,False,False,False,False,False,False,False,False,False,False,False,False,False,False,False,False,False,False,False,False,False,False,False,False,False,False,False,False,False,False,False,False,False,False,False,False,False,False,False,False,False,False,False,False,False,False,False,False,False,True,False,False,False,False,False,False,True,False,0
132046,253144,1,112500.0,808650.0,29839.5,675000.0,0.025164,-13625,-1222,-1691.0,-1761,1,1,0,1,0,0,2.0,2,2,14,0,0,0,0,0,0,0.3241210626278749,0.1596792335026377,0.7016957740576931,0.1175,0.1421,0.9786,0.0,0.2759,0.1667,0.0279,0.1169,0.0,0.1197,0.1475,0.9786,0.0,0.2759,0.1667,0.0285,0.1218,0.0,0.1187,0.1421,0.9786,0.0,0.2759,0.1667,0.0284,0.119,0.0,0.0919,7.0,0.0,7.0,0.0,-2019.0,0,1,0,0,0,0,0,0,0,0,0,0,0,0,0,0,0,0,0,0,0.0,0.0,0.0,0.0,0.0,3.0,False,False,False,False,True,False,False,False,False,False,False,True,False,False,False,True,False,False,False,False,False,False,True,False,True,False,False,False,True,False,False,False,False,False,True,False,False,False,False,False,False,False,False,False,False,False,False,False,False,False,False,False,False,False,False,True,False,False,False,False,False,False,False,False,False,False,False,True,False,False,False,False,False,False,False,False,False,False,False,False,False,False,False,False,False,False,False,False,False,False,False,False,False,False,False,False,False,False,False,False,False,False,False,False,False,False,False,False,False,False,False,False,False,False,True,False,False,False,False,False,False,True,False,False,True,False,0
300731,448406,2,225000.0,450000.0,30073.5,450000.0,0.008019,-10352,-2039,-3009.0,-3017,1,1,0,1,0,0,4.0,2,2,13,0,0,0,0,1,1,0.618529549429424,0.4970880611053474,0.5388627065779676,0.0876,0.0763,0.9816,0.0,0.1379,0.1667,0.0481,0.0745,0.0036,0.084,0.0746,0.9816,0.0,0.1379,0.1667,0.0458,0.0731,0.0011,0.0864,0.0758,0.9816,0.0,0.1379,0.1667,0.0487,0.0749,0.0031,0.0688,0.0,0.0,0.0,0.0,-1712.0,0,1,0,0,0,0,0,0,0,0,0,0,0,0,0,0,0,0,0,0,0.0,0.0,0.0,0.0,0.0,0.0,False,False,False,True,True,True,False,False,False,False,False,False,False,False,False,False,False,False,True,True,False,False,False,True,False,False,False,False,True,False,False,False,False,False,False,False,False,False,False,False,False,False,False,True,False,False,False,False,False,False,False,False,False,False,False,True,False,False,False,False,False,False,False,False,False,False,False,False,False,False,False,False,False,False,False,False,False,False,False,False,False,False,False,False,False,False,False,False,False,False,False,False,False,False,False,False,False,False,False,False,False,False,True,False,False,False,False,False,False,False,False,False,False,False,False,False,False,True,False,False,False,False,False,False,False,False,0
121109,240417,0,270000.0,1206000.0,31941.0,1206000.0,0.0145199999999999,-19009,-207,-3957.0,-2561,1,1,0,1,0,0,2.0,2,2,12,0,1,1,0,1,1,0.5059979305057544,0.4720950735085165,0.524496446363472,0.0876,0.0763,0.9816,0.0,0.1379,0.1667,0.0481,0.0745,0.0036,0.084,0.0746,0.9816,0.0,0.1379,0.1667,0.0458,0.0731,0.0011,0.0864,0.0758,0.9816,0.0,0.1379,0.1667,0.0487,0.0749,0.0031,0.0688,1.0,1.0,1.0,1.0,-3.0,0,0,0,0,0,0,1,0,0,0,0,0,0,0,0,0,0,0,0,0,0.0,0.0,0.0,0.0,0.0,0.0,False,True,False,True,False,False,False,False,False,False,False,True,True,False,False,False,False,False,False,False,False,False,True,True,False,False,False,False,True,False,False,False,False,False,False,False,False,False,False,False,False,True,False,False,False,False,False,False,False,False,False,False,False,False,False,False,False,False,False,False,False,False,False,False,False,False,False,False,False,False,False,False,False,False,False,False,False,False,False,False,False,False,False,False,False,False,False,False,False,False,False,False,False,False,False,False,False,False,False,False,False,False,False,False,False,False,False,False,False,False,False,True,False,False,False,False,False,True,False,False,False,False,False,False,False,False,0
142596,265348,0,315000.0,765000.0,49018.5,765000.0,0.0145199999999999,-9202,-556,-4042.0,-1857,1,1,0,1,0,1,2.0,2,2,14,0,0,0,0,1,1,0.5618570170788298,0.5829003011256835,0.7180328113294772,0.0876,0.0763,0.9816,0.0,0.1379,0.1667,0.0481,0.0745,0.0036,0.084,0.0746,0.9816,0.0,0.1379,0.1667,0.0458,0.0731,0.0011,0.0864,0.0758,0.9816,0.0,0.1379,0.1667,0.0487,0.0749,0.0031,0.0688,1.0,0.0,1.0,0.0,0.0,0,1,0,0,0,0,0,0,0,0,0,0,0,0,0,0,0,0,0,0,0.0,0.0,0.0,0.0,0.0,3.0,False,True,False,False,False,False,False,False,False,False,False,True,False,False,False,False,False,False,True,False,True,False,False,True,False,False,False,False,False,False,False,False,True,False,False,False,False,False,True,False,False,False,False,False,False,False,False,False,False,False,False,False,False,False,False,False,False,False,False,False,False,False,False,False,False,True,False,False,False,False,False,False,False,False,False,False,False,False,False,False,False,False,False,False,False,False,False,False,False,False,False,False,False,False,False,False,False,False,False,False,False,False,False,False,False,False,False,False,False,False,False,False,False,False,False,False,False,True,False,False,False,False,False,False,False,False,0
276723,420691,0,135000.0,1647000.0,43578.0,1647000.0,0.0228,-20853,0,-9582.0,-4241,1,0,0,1,1,0,2.0,2,2,11,0,0,0,0,0,0,0.7634644587717302,0.5669388269960463,0.6832688314232291,0.066,0.0,0.9752,0.0,0.0345,0.125,0.0125,0.0,0.0,0.0672,0.0,0.9752,0.0,0.0345,0.125,0.0128,0.0,0.0,0.0666,0.0,0.9752,0.0,0.0345,0.125,0.0127,0.0,0.0,0.0462,2.0,1.0,2.0,1.0,-1087.0,0,0,0,0,1,0,0,0,0,0,0,0,0,0,0,0,1,0,0,0,0.0,0.0,0.0,0.0,0.0,4.0,False,False,False,True,True,False,False,False,False,False,False,True,False,False,True,False,False,False,False,False,False,False,True,True,False,False,False,False,True,False,False,False,False,False,False,False,False,False,False,False,True,False,False,False,False,False,False,False,False,False,False,False,False,False,False,False,True,False,False,False,False,False,False,False,False,False,False,False,False,False,False,False,False,False,False,False,False,False,False,False,False,False,False,False,False,False,False,False,False,False,False,False,False,False,False,False,False,False,False,False,False,False,False,False,False,False,False,False,False,False,False,False,False,True,True,False,False,False,False,False,True,False,False,False,True,False,1
301674,449490,0,67500.0,266652.0,13761.0,202500.0,0.00712,-21166,-8745,-8236.0,-4655,1,1,1,1,1,0,2.0,2,2,8,0,0,0,0,1,1,0.5059979305057544,0.530921402606887,0.5352762504724826,0.0876,0.0763,0.9816,0.0,0.1379,0.1667,0.0481,0.0745,0.0036,0.084,0.0746,0.9816,0.0,0.1379,0.1667,0.0458,0.0731,0.0011,0.0864,0.0758,0.9816,0.0,0.1379,0.1667,0.0487,0.0749,0.0031,0.0688,0.0,0.0,0.0,0.0,-1130.0,0,1,0,0,0,0,0,0,0,0,0,0,0,0,0,0,0,0,0,0,0.0,0.0,0.0,0.0,0.0,1.0,False,False,False,False,False,False,False,False,False,False,False,True,False,False,False,False,False,False,True,False,False,False,True,False,False,False,False,False,True,False,False,False,False,False,False,False,False,False,False,False,False,False,False,False,False,False,False,False,False,True,False,False,False,False,True,False,False,False,False,False,False,False,False,False,False,False,False,True,False,False,False,False,False,False,False,False,False,False,False,False,False,False,False,False,False,False,False,False,False,False,False,False,False,False,False,False,False,False,False,False,False,False,False,False,False,False,False,False,False,False,False,False,False,False,False,False,False,True,False,False,False,False,False,False,False,False,0
93423,208491,1,121500.0,269550.0,21294.0,225000.0,0.007114,-12062,-147,-333.0,-3750,1,1,0,1,1,0,3.0,2,2,13,0,0,0,0,0,0,0.2864559388092508,0.4801620050282806,0.3170317785834444,0.0314,0.0763,0.9781,0.0,0.0862,0.0833,0.0,0.0323,0.0381,0.0126,0.0746,0.9727,0.0,0.069,0.0417,0.0,0.0103,0.0,0.0317,0.0758,0.9781,0.0,0.0862,0.0833,0.0,0.0329,0.0389,0.0539,2.0,1.0,2.0,1.0,-265.0,0,1,0,0,0,0,0,0,0,0,0,0,0,0,0,0,0,0,0,0,0.0,0.0,0.0,0.0,0.0,0.0,False,True,False,False,True,False,False,False,False,False,False,True,False,False,False,False,False,False,True,False,False,False,True,True,False,False,False,False,True,False,False,False,False,False,False,True,False,False,False,False,False,False,False,False,False,False,False,False,False,False,False,False,False,False,False,True,False,False,False,False,False,False,False,False,False,False,False,False,False,False,False,False,False,False,False,False,False,False,False,False,False,False,False,False,False,False,False,False,False,False,False,False,False,False,False,False,False,False,True,False,False,False,False,False,False,False,False,False,False,False,False,False,False,False,True,False,False,False,False,False,False,False,False,True,True,False,0
198061,329639,0,112500.0,1546020.0,42642.0,1350000.0,0.0088659999999999,-21121,0,-14715.0,-4668,1,0,0,1,0,0,2.0,2,2,13,0,0,0,0,0,0,0.5059979305057544,0.6468534445747545,0.8061492814355136,0.0402,0.0631,0.9722,0.0,0.1379,0.1667,0.0281,0.0495,0.0156,0.041,0.0654,0.9722,0.0,0.1379,0.1667,0.0287,0.0516,0.0165,0.0406,0.0631,0.9722,0.0,0.1379,0.1667,0.0286,0.0504,0.016,0.0495,3.0,0.0,3.0,0.0,-1499.0,0,0,0,0,1,0,0,0,0,0,0,0,0,0,0,0,0,0,0,0,0.0,0.0,0.0,0.0,0.0,0.0,False,False,False,False,True,False,False,False,False,False,False,True,False,False,True,False,False,False,False,False,False,False,True,True,False,False,False,False,True,False,False,False,False,False,False,False,False,False,False,False,True,False,False,False,False,False,False,False,False,False,False,False,False,False,True,False,False,False,False,False,False,False,False,False,False,False,False,False,False,False,False,False,False,False,False,False,False,False,False,False,False,False,False,False,False,False,False,False,False,False,False,False,False,False,False,False,False,False,False,False,False,False,False,False,False,False,False,False,False,False,False,False,False,True,True,False,False,False,False,False,False,True,False,False,True,False,1
290075,436053,2,135000.0,1314117.0,37791.0,1147500.0,0.018634,-13956,-5654,-3273.0,-4887,1,1,0,1,0,0,3.0,2,2,12,0,0,0,0,0,0,0.5059979305057544,0.5964023247971348,0.3409064264152384,0.0876,0.0763,0.9816,0.0,0.1379,0.1667,0.0481,0.0745,0.0036,0.084,0.0746,0.9816,0.0,0.1379,0.1667,0.0458,0.0731,0.0011,0.0864,0.0758,0.9816,0.0,0.1379,0.1667,0.0487,0.0749,0.0031,0.0688,0.0,0.0,0.0,0.0,-792.0,0,1,0,0,0,0,0,0,0,0,0,0,0,0,0,0,0,0,0,0,0.0,0.0,0.0,0.0,0.0,3.0,False,False,False,False,False,False,False,False,False,False,False,True,False,False,False,False,False,False,True,False,False,False,True,False,False,True,False,False,True,False,False,False,False,False,False,False,False,False,False,False,False,True,False,False,False,False,False,False,False,False,False,True,False,False,False,False,False,False,False,False,False,False,False,False,False,False,False,True,False,False,False,False,False,False,False,False,False,False,False,False,False,False,False,False,False,False,False,False,False,False,False,False,False,False,False,False,False,False,False,False,False,False,False,False,False,False,False,False,False,False,False,False,False,False,False,False,False,True,False,False,False,False,False,False,False,False,0
47630,155172,0,72000.0,1024290.0,28165.5,855000.0,0.035792,-11217,-4101,-5652.0,-2463,1,1,0,1,1,0,2.0,2,2,13,0,0,0,0,0,0,0.5059979305057544,0.7398123926618848,0.324891229465852,0.0876,0.0763,0.9816,0.0,0.1379,0.1667,0.0481,0.0745,0.0036,0.084,0.0746,0.9816,0.0,0.1379,0.1667,0.0458,0.0731,0.0011,0.0864,0.0758,0.9816,0.0,0.1379,0.1667,0.0487,0.0749,0.0031,0.0688,3.0,2.0,3.0,1.0,-14.0,0,1,0,0,0,0,0,0,0,0,0,0,0,0,0,0,1,0,0,0,0.0,0.0,0.0,0.0,0.0,0.0,False,False,False,False,False,False,False,False,False,False,False,True,False,False,False,True,False,False,False,True,False,False,False,True,False,False,False,False,False,False,False,True,False,False,False,True,False,False,False,False,False,False,False,False,False,False,False,False,False,False,False,False,False,False,False,True,False,False,False,False,False,False,False,False,False,False,False,True,False,False,False,False,False,False,False,False,False,False,False,False,False,False,False,False,False,False,False,False,False,False,False,False,False,False,False,False,False,False,False,False,False,False,False,False,False,False,False,False,False,False,False,False,False,False,False,False,False,True,False,False,False,False,False,False,False,False,0
148398,272065,0,90000.0,284400.0,22599.0,225000.0,0.01885,-8102,-137,-8091.0,-777,1,1,0,1,0,0,2.0,2,2,12,0,0,0,1,1,0,0.5059979305057544,0.2240908872302894,0.5352762504724826,0.0876,0.0763,0.9816,0.0,0.1379,0.1667,0.0481,0.0745,0.0036,0.084,0.0746,0.9816,0.0,0.1379,0.1667,0.0458,0.0731,0.0011,0.0864,0.0758,0.9816,0.0,0.1379,0.1667,0.0487,0.0749,0.0031,0.0688,4.0,0.0,3.0,0.0,-538.0,0,1,0,0,0,0,0,0,0,0,0,0,0,0,0,0,0,0,0,0,0.0,0.0,0.0,0.0,0.0,1.0,False,True,False,False,False,True,False,False,False,False,False,False,True,False,False,False,False,False,False,False,False,False,True,True,False,False,False,False,False,False,False,False,True,False,False,False,False,False,False,False,False,True,False,False,False,False,False,False,False,False,False,False,False,False,True,False,False,False,False,False,False,True,False,False,False,False,False,False,False,False,False,False,False,False,False,False,False,False,False,False,False,False,False,False,False,False,False,False,False,False,False,False,False,False,False,False,False,False,False,False,False,False,False,False,False,False,False,False,False,False,False,False,False,False,False,False,False,True,False,False,False,False,False,False,False,False,0
105047,221899,0,90000.0,135000.0,10093.5,135000.0,0.00733,-19530,-807,-7276.0,-2418,1,1,0,1,1,0,1.0,2,2,15,0,0,0,0,0,0,0.4655744378402809,0.6267225042220878,0.6658549219640212,0.0619,0.0763,0.9891,0.0,0.1034,0.1667,0.0481,0.038,0.0036,0.063,0.0746,0.9891,0.0,0.1034,0.1667,0.0458,0.0396,0.0011,0.0625,0.0758,0.9891,0.0,0.1034,0.1667,0.0487,0.0387,0.0031,0.0623,0.0,0.0,0.0,0.0,-2322.0,0,1,0,0,0,0,0,0,0,0,0,0,0,0,0,0,0,0,0,0,0.0,0.0,0.0,0.0,0.0,1.0,False,False,False,False,False,False,False,False,False,False,False,True,False,False,False,False,False,False,True,False,False,False,True,False,False,False,False,True,True,False,False,False,False,False,False,False,False,False,False,False,False,False,False,False,False,False,False,True,False,False,False,False,True,False,False,False,False,False,False,False,False,False,False,False,False,False,False,False,False,False,False,False,False,False,False,False,False,False,False,False,False,False,False,False,False,False,False,False,False,False,False,False,False,False,False,False,False,False,True,False,False,False,False,False,False,False,False,False,False,False,False,False,False,False,True,False,False,False,False,False,False,True,False,False,True,False,0
141430,263977,2,78750.0,916470.0,26928.0,765000.0,0.0145199999999999,-13797,-1694,-1102.0,-1132,1,1,1,1,0,0,4.0,2,2,11,0,0,0,0,0,0,0.3088733046414653,0.6550563043437042,0.6413682574954046,0.0876,0.0763,0.9816,0.0,0.1379,0.1667,0.0481,0.0745,0.0036,0.084,0.0746,0.9816,0.0,0.1379,0.1667,0.0458,0.0731,0.0011,0.0864,0.0758,0.9816,0.0,0.1379,0.1667,0.0487,0.0749,0.0031,0.0688,2.0,0.0,2.0,0.0,-96.0,0,1,0,0,0,0,0,0,0,0,0,0,0,0,0,0,0,0,0,0,0.0,0.0,0.0,1.0,1.0,0.0,False,False,False,False,True,True,False,False,False,False,False,False,False,False,False,False,False,False,True,False,False,False,True,True,False,False,False,False,True,False,False,False,False,False,False,True,False,False,False,False,False,False,False,False,False,False,False,False,False,False,False,True,False,False,False,False,False,False,False,False,False,False,False,False,False,False,False,False,False,False,False,False,False,False,False,False,False,False,False,False,False,False,False,False,False,False,True,False,False,False,False,False,False,False,False,False,False,False,False,False,False,False,False,False,False,False,False,False,False,False,False,False,False,False,False,False,False,True,False,False,False,False,False,False,False,False,0
266267,408451,0,202500.0,312840.0,8964.0,247500.0,0.010643,-13088,-201,-4228.0,-2519,1,1,0,1,0,0,2.0,2,2,13,0,0,0,0,0,0,0.5059979305057544,0.6283172279492623,0.4884551844437485,0.0928,0.0409,0.9826,0.0,0.2069,0.1667,0.0643,0.0904,0.0,0.0945,0.0425,0.9826,0.0,0.2069,0.1667,0.0657,0.0942,0.0,0.0937,0.0409,0.9826,0.0,0.2069,0.1667,0.0654,0.092,0.0,0.0776,0.0,0.0,0.0,0.0,-2.0,0,1,0,0,0,0,0,0,0,0,0,0,0,0,0,0,0,0,0,0,0.0,0.0,0.0,0.0,0.0,0.0,False,False,False,True,True,False,False,False,False,False,False,True,False,False,False,False,False,False,True,True,False,False,False,True,False,False,False,False,True,False,False,False,False,False,False,False,False,False,False,False,True,False,False,False,False,False,False,False,False,False,False,False,False,False,True,False,False,False,False,False,False,False,False,False,False,False,False,False,False,False,False,False,False,False,False,False,False,False,False,False,False,False,False,False,False,False,False,False,False,True,False,False,False,False,False,False,False,False,False,False,False,False,False,False,False,False,False,False,False,False,False,False,False,False,True,False,False,False,False,False,False,True,False,False,True,False,0
20004,123333,0,157500.0,507469.5,29263.5,459000.0,0.030755,-14360,-110,-126.0,-4984,1,1,1,1,1,0,2.0,2,2,18,0,0,0,0,0,0,0.4650664118605383,0.5427956463827064,0.3706496323299817,0.0876,0.0763,0.9816,0.0,0.1379,0.1667,0.0481,0.0745,0.0036,0.084,0.0746,0.9816,0.0,0.1379,0.1667,0.0458,0.0731,0.0011,0.0864,0.0758,0.9816,0.0,0.1379,0.1667,0.0487,0.0749,0.0031,0.0688,1.0,0.0,1.0,0.0,-1734.0,0,0,0,1,0,0,0,0,0,0,0,0,0,0,0,0,0,0,0,0,0.0,0.0,0.0,0.0,0.0,1.0,False,False,False,False,True,False,False,False,False,False,False,True,True,False,False,False,False,False,False,True,False,False,False,False,False,False,False,False,True,False,False,False,False,False,False,False,False,False,False,False,True,False,False,False,False,False,False,False,False,False,False,False,False,False,False,True,False,False,False,False,True,False,False,False,False,False,False,False,False,False,False,False,False,False,False,False,False,False,False,False,False,False,False,False,False,False,False,False,False,False,False,False,False,False,False,False,False,False,False,False,False,False,False,False,False,False,False,False,False,False,False,False,False,False,False,False,False,True,False,False,False,False,False,False,False,False,0
89536,203949,1,112500.0,610335.0,25785.0,463500.0,0.030755,-19272,-2893,-8100.0,-2752,1,1,0,1,1,0,3.0,2,2,10,0,0,0,0,1,1,0.5059979305057544,0.6331404156503074,0.6817058776720116,0.0876,0.0763,0.9816,0.0,0.1379,0.1667,0.0481,0.0745,0.0036,0.084,0.0746,0.9816,0.0,0.1379,0.1667,0.0458,0.0731,0.0011,0.0864,0.0758,0.9816,0.0,0.1379,0.1667,0.0487,0.0749,0.0031,0.0688,0.0,0.0,0.0,0.0,-249.0,0,1,0,0,0,0,0,0,0,0,0,0,0,0,0,0,0,0,0,0,0.0,0.0,0.0,0.0,0.0,0.0,False,False,False,False,True,False,False,False,False,False,True,False,False,False,False,False,False,False,True,False,False,False,True,True,False,False,False,False,True,False,False,False,False,False,False,False,False,False,False,False,False,False,False,False,False,False,False,True,False,False,False,False,False,False,False,False,True,False,False,False,False,False,False,False,False,False,False,False,False,False,False,False,False,False,False,False,False,False,False,False,False,False,False,False,False,False,False,False,False,False,False,False,False,False,False,False,False,False,True,False,False,False,False,False,False,False,False,False,False,False,False,False,False,False,False,False,False,True,False,False,False,False,False,False,False,False,0
10695,112457,0,180000.0,675000.0,21775.5,675000.0,0.01885,-20943,-1902,-5374.0,-3992,1,1,1,1,0,0,2.0,2,2,11,0,0,0,0,0,0,0.4889839413671053,0.7676584666546703,0.5352762504724826,0.0876,0.0763,0.9816,0.0,0.1379,0.1667,0.0481,0.0745,0.0036,0.084,0.0746,0.9816,0.0,0.1379,0.1667,0.0458,0.0731,0.0011,0.0864,0.0758,0.9816,0.0,0.1379,0.1667,0.0487,0.0749,0.0031,0.0688,1.0,1.0,1.0,1.0,-1802.0,0,1,0,0,0,0,0,0,0,0,0,0,0,0,0,0,0,0,0,0,0.0,0.0,0.0,0.0,0.0,2.0,False,True,False,False,False,False,False,False,False,False,False,True,True,False,False,False,False,False,False,False,False,False,True,False,False,False,False,False,True,False,False,False,False,False,False,False,True,False,False,False,False,False,False,False,False,False,False,False,False,False,False,False,False,True,False,False,False,False,False,False,False,False,False,False,False,False,False,False,False,False,False,False,False,False,False,False,False,False,False,False,False,False,False,False,False,False,False,False,False,False,False,False,False,False,False,False,False,False,True,False,False,False,False,False,False,False,False,False,False,False,False,False,False,False,False,False,False,True,False,False,False,False,False,False,False,False,0
68486,179429,1,225000.0,225000.0,25447.5,225000.0,0.026392,-11980,-1200,-3577.0,-3586,1,1,1,1,0,0,3.0,2,2,11,0,0,0,0,0,0,0.5069413901030031,0.3956529283023218,0.5797274227921155,0.1742,0.0763,0.9811,0.04,0.0345,0.3333,0.0481,0.0821,0.0426,0.1775,0.0746,0.9811,0.0403,0.0345,0.3333,0.0458,0.0855,0.0451,0.1759,0.0758,0.9811,0.04,0.0345,0.3333,0.0487,0.0836,0.0435,0.0738,3.0,0.0,3.0,0.0,-106.0,0,1,0,0,0,0,0,0,0,0,0,0,0,0,0,0,0,0,0,0,0.0,0.0,0.0,0.0,0.0,1.0,False,True,False,True,True,False,False,False,False,False,False,True,False,False,False,False,False,False,True,True,False,False,False,True,False,False,False,False,True,False,False,False,False,False,False,False,False,False,False,False,False,True,False,False,False,False,False,False,False,False,False,False,False,False,False,False,True,False,False,False,False,False,False,False,False,False,False,False,False,False,False,False,False,False,False,True,False,False,False,False,False,False,False,False,False,False,False,False,False,False,False,False,False,False,False,False,False,False,False,False,False,False,False,False,False,False,False,False,False,False,False,False,False,False,True,False,False,False,False,False,False,False,True,False,True,False,0
10115,111773,0,90000.0,720000.0,21051.0,720000.0,0.0060079999999999,-20745,-2828,-3325.0,-4018,1,1,0,1,0,0,2.0,2,2,11,0,0,0,0,0,0,0.5059979305057544,0.5766669847529817,0.6848276586890367,0.0371,0.0822,0.9836,0.08,0.069,0.3333,0.0208,0.0796,0.0293,0.0378,0.0853,0.9836,0.0806,0.069,0.3333,0.0213,0.083,0.0311,0.0375,0.0822,0.9836,0.08,0.069,0.3333,0.0212,0.081,0.03,0.0833,0.0,0.0,0.0,0.0,-1610.0,0,1,0,0,0,0,0,0,0,0,0,0,0,0,0,0,0,0,0,0,0.0,0.0,0.0,0.0,0.0,1.0,False,True,False,True,False,True,False,False,False,False,False,False,False,False,False,False,False,False,True,False,False,False,True,True,False,False,False,False,True,False,False,False,False,False,False,False,True,False,False,False,False,False,False,False,False,False,False,False,False,False,False,False,False,False,True,False,False,False,False,False,False,False,False,False,False,False,False,False,False,False,False,False,False,False,False,False,False,False,False,False,False,False,False,False,False,False,False,False,False,False,False,False,False,False,False,False,False,False,True,False,False,False,False,False,False,False,False,False,False,False,False,False,False,False,True,False,False,False,False,False,False,True,False,False,True,False,0
139507,261753,0,180000.0,392427.0,31005.0,324000.0,0.002506,-12780,-111,-4957.0,-5143,1,1,0,1,0,0,2.0,2,2,2,0,0,0,0,1,1,0.4180871833517621,0.7099037175202051,0.7338145369642702,0.0876,0.0763,0.9816,0.0,0.1379,0.1667,0.0481,0.0745,0.0036,0.084,0.0746,0.9816,0.0,0.1379,0.1667,0.0458,0.0731,0.0011,0.0864,0.0758,0.9816,0.0,0.1379,0.1667,0.0487,0.0749,0.0031,0.0688,0.0,0.0,0.0,0.0,-589.0,0,1,0,0,0,0,0,0,0,0,0,0,0,0,0,0,0,0,0,0,0.0,0.0,0.0,0.0,0.0,2.0,False,True,False,False,False,False,False,False,False,False,False,True,True,False,False,False,False,False,False,False,False,False,True,True,False,False,False,False,True,False,False,False,False,False,False,False,False,False,False,False,False,True,False,False,False,False,False,False,False,False,False,False,False,False,False,False,True,False,False,False,False,False,False,False,False,False,False,False,False,False,False,False,False,False,False,False,False,False,False,False,False,False,False,False,False,False,False,False,False,False,False,False,False,False,False,False,False,False,False,False,False,False,False,False,False,False,False,True,False,False,False,False,False,False,False,False,False,True,False,False,False,False,False,False,False,False,0
143642,266559,0,225000.0,533668.5,22738.5,477000.0,0.010966,-14751,-1801,-7000.0,-5539,1,1,0,1,0,0,2.0,2,2,11,0,0,0,0,0,0,0.5059979305057544,0.7089570886571477,0.1491674613233488,0.1686,0.1099,0.9881,0.16,0.1207,0.4375,0.1251,0.1168,0.201,0.1166,0.0509,0.9801,0.0806,0.0345,0.3333,0.0892,0.0435,0.1689,0.1702,0.1099,0.9881,0.16,0.1207,0.4375,0.1273,0.1189,0.2052,0.2255,0.0,0.0,0.0,0.0,-1610.0,0,1,0,0,0,0,0,0,0,0,0,0,0,0,0,0,0,0,0,0,0.0,0.0,0.0,0.0,0.0,0.0,False,False,False,True,True,False,False,False,False,False,False,True,False,False,False,False,False,False,True,True,False,False,False,True,False,False,False,False,True,False,False,False,False,False,False,False,False,False,False,False,False,False,False,True,False,False,False,False,False,False,False,False,True,False,False,False,False,True,False,False,False,False,False,False,False,False,False,False,False,False,False,False,False,False,False,False,False,False,False,False,False,False,False,False,False,False,False,False,False,False,False,False,False,False,False,False,False,False,False,False,False,False,False,False,False,False,False,False,False,False,False,False,False,False,True,False,False,False,False,False,False,False,True,False,True,False,0
296429,443433,0,67500.0,207306.0,10714.5,148500.0,0.016612,-15096,-2293,-7768.0,-4716,1,1,0,1,0,0,2.0,2,2,14,0,0,0,0,0,0,0.5059979305057544,0.5573907819072018,0.8406665596573005,0.0557,0.0019,0.9846,0.0,0.0345,0.0417,0.0958,0.021,0.0,0.0567,0.002,0.9846,0.0,0.0345,0.0417,0.098,0.0219,0.0,0.0562,0.0019,0.9846,0.0,0.0345,0.0417,0.0975,0.0214,0.0,0.0202,10.0,0.0,10.0,0.0,-1397.0,0,1,0,0,0,0,0,0,0,0,0,0,0,0,0,0,0,0,0,0,0.0,0.0,0.0,0.0,0.0,3.0,False,False,False,False,False,False,False,False,False,False,False,True,False,False,False,False,False,False,True,False,False,False,True,True,False,False,False,False,True,False,False,False,False,False,False,False,False,False,False,False,False,False,False,False,False,False,False,True,False,False,False,False,False,False,False,False,True,False,False,False,False,False,False,False,False,False,False,False,False,False,False,False,False,False,False,False,False,False,False,False,False,False,False,False,False,False,False,False,False,False,False,False,False,False,False,False,False,False,True,False,False,False,False,False,False,False,False,False,False,False,False,False,False,False,True,False,False,False,False,False,False,False,True,False,True,False,0
270443,413440,1,247500.0,592560.0,35937.0,450000.0,0.072508,-10106,-1098,-420.0,-1979,1,1,0,1,0,0,3.0,1,1,13,0,0,0,0,0,0,0.4991520173093786,0.6862176447317322,0.6380435278721609,0.2722,0.0975,0.9876,0.32,0.1379,0.6667,0.0,0.2981,0.0511,0.1418,0.0511,0.9876,0.4028,0.1724,0.6667,0.0,0.1557,0.0037,0.3029,0.1063,0.9876,0.36,0.1552,0.6667,0.0,0.3372,0.0362,0.2407,2.0,2.0,2.0,0.0,-767.0,0,1,0,0,0,0,0,0,0,0,0,0,0,0,0,0,0,0,0,0,0.0,0.0,0.0,0.0,0.0,1.0,False,False,False,True,True,False,False,False,False,False,True,False,False,False,False,False,False,False,True,True,False,False,False,True,False,False,False,False,True,False,False,False,False,False,False,False,False,False,False,False,False,False,False,False,False,False,False,True,False,False,False,False,False,False,False,True,False,False,False,False,True,False,False,False,False,False,False,False,False,False,False,False,False,False,False,False,False,False,False,False,False,False,False,False,False,False,False,False,False,False,False,False,False,False,False,False,False,False,False,False,False,False,False,False,False,False,False,False,False,False,False,False,False,False,True,False,False,False,False,False,False,True,False,False,True,False,0
195229,326378,2,112500.0,474048.0,18184.5,360000.0,0.032561,-9726,-1799,-4562.0,-2394,1,1,0,1,0,0,4.0,1,1,15,0,0,0,0,0,0,0.5059979305057544,0.6976093615032694,0.5190973382084597,0.0876,0.058,0.9826,0.1,0.069,0.4583,0.027,0.0957,0.0,0.084,0.0323,0.9821,0.0806,0.0345,0.3333,0.0146,0.0736,0.0,0.0864,0.058,0.9826,0.1,0.069,0.4583,0.0275,0.0974,0.0,0.0661,4.0,0.0,4.0,0.0,-2.0,0,1,0,0,0,0,0,0,0,0,0,0,0,0,0,0,0,0,0,0,0.0,0.0,0.0,0.0,0.0,0.0,False,False,False,False,False,True,False,False,False,False,False,False,True,False,False,False,False,False,False,True,False,False,False,True,False,False,False,False,True,False,False,False,False,False,False,True,False,False,False,False,False,False,False,False,False,False,False,False,False,False,False,False,False,True,False,False,False,False,False,False,False,False,False,False,False,False,False,False,False,False,False,False,False,False,False,False,False,False,False,False,False,False,False,False,False,False,False,False,False,False,False,False,False,False,False,True,False,False,False,False,False,False,False,False,False,False,False,False,False,False,False,False,False,False,True,False,False,False,False,False,False,True,False,False,True,False,0
